<pad>	1000000000
<unk>	1000000000
<s>	1000000000
</s>	1000000000
bạn	129
hàng	74
có	59
mình	53
ạ	45
gian	39
cho	37
Bạn	36
phẩm	35
thể	34
sản	34
vui	31
lòng	30
tin	29
để	29
của	28
không	27
và	26
Chào	26
nhé	25
đăng	25
mua	23
Vatgia.com	23
bán	21
vụ	21
gì	18
thông	17
được	17
khi	17
đó	16
Khách	16
liên	16
giúp	16
hệ	15
giá	15
sẽ	14
đã	14
nào	14
Trợ	13
Hỗ	13
nhận	13
cảm	13
cụ	13
thanh	13
Dịch	13
với	13
Hàng	13
ạ.	13
thì	12
giao	12
này	12
cần	12
vặt	12
trợ	12
Vâng	12
muốn	11
hỗ	11
biết	11
là	11
nhé.	11
rao	10
đặt	10
xác	10
toán	10
tại	10
trên	10
chưa	10
tên	9
trang	9
Mong	9
phí	9
kiếm	9
ơn	9
ngày	8
dịch	8
link	8
bên	8
ở	8
vào	8
tôi	8
về	8
tìm	8
chính	8
đơn	8
khác	8
đang	7
.	7
cấp	7
em	7
thấy	7
nhau	7
cung	7
mã	6
Nhưng	6
yêu	6
VIP	6
lại	6
vâng	6
thời	6
ơi	6
Mình	6
mà	6
e	6
hỏi	6
Chúc	6
xem	6
cách	6
bao	6
hình	6
thu	6
điện	6
xin	6
quan	5
tâm	5
ảnh	5
hiện	5
thoại	5
thị	5
cũng	5
dụng	5
nên	5
vẻ	5
chuyển	5
tiền	5
nếu	5
Dạ	5
sử	5
anh	5
máy	5
Cảm	5
hiển	5
vận	5
chi	4
chào	4
trong	4
cầu.	4
buổi	4
vip	4
vấn	4
vatgia.com	4
bảo	4
hơn	4
theo	4
vậy	4
alo	4
công	4
nói	4
cầu	4
chiều	4
chỉ	4
như	4
loại	4
chọn	3
làm	3
Bước	3
Hài	3
hiểm	3
thêm	3
tư	3
người	3
dạ	3
tham	3
họ	3
mới	3
Sau	3
số	3
ký	3
thế	3
Hình	3
cam	3
ý	3
báo	3
vật	3
bài	3
nhưng	3
phím	3
in	3
do	3
sau	3
hộ	3
tính	3
những	3
thứ	3
phải	3
cả	3
click	3
nhiêu	3
lên	3
khảo	3
Từ	3
các	3
siêu	3
nghiệp	3
chủ	3
thức	3
Nội	2
Sản	2
hạt	2
trả	2
phụ	2
Siêu	2
nổi	2
bật	2
hà	2
góc	2
mẫu	2
photo	2
trực	2
online	2
VNĐngày.	2
Nếu	2
Vatgia	2
hồ	2
gọi	2
động	2
trước	2
tới	2
ô	2
sao	2
Các	2
thành	2
tiết	2
đường	2
đến	2
màn	2
từ	2
thường	2
kiểm	2
Vatgia.com.	2
sớm	2
khâu	2
Tin	2
Rao	2
minh	2
Bên	2
tự	2
Xem	2
điền	2
Đăng	2
khách	2
đặt.	2
Tôi	2
nội	2
gồm	2
tra	2
đầu	2
tiếp	2
JUKI	2
cài	2
vì	2
chế	2
Máy	2
tài	2
hi	2
cái	2
hả	2
màu	2
lạc	2
kim	2
nha	2
liệu	2
víp	2
nó	2
gửi	2
nơi	2
nữa	2
còn	2
Hà	2
khoản	2
nhiều	2
gõ	2
nhất	2
bằng	2
thôi	1
giường	1
hoàn	1
Điện	1
WS	1
quyết	1
mính	1
Sao	1
nước	1
lành	1
thanks	1
tuan	1
xếp	1
tức	1
Phí	1
Core	1
nạp	1
thước	1
thọ	1
toshiba	1
Lưu	1
VGA	1
lợi	1
kho	1
ko	1
ban	1
dùng	1
t	1
bị	1
dự	1
xuất	1
liệt	1
Violin	1
Gian	1
đúng	1
tiến	1
kiện	1
Rất	1
quyền	1
Lam	1
nghĩa	1
.Ghz	1
Khi	1
nóc	1
khích	1
Vậy	1
đổi	1
BÁN	1
IBM	1
Tư	1
kích	1
mực	1
HP	1
à	1
co	1
phẩm.	1
sàn	1
bản	1
may	1
hình.	1
vinh	1
lý	1
hãng	1
rõ	1
Mỗi	1
alooooo	1
nhiêu.	1
bước	1
fujitsu	1
h	1
nhân	1
thống	1
Còn	1
địa	1
sứ	1
thấm	1
Bảng	1
định	1
ah	1
lẻ	1
Link	1
mìng	1
đia	1
sắm	1
thiệp	1
prudential	1
bàn	1
đọc	1
Phiền	1
vây	1
AhB	1
lọc	1
iT	1
mặt	1
vắng	1
can	1
tiềm	1
Lộc	1
Hỏi	1
nhiên	1
nam	1
Xin	1
chống	1
ngàn	1
Có	1
gội	1
hút	1
nháy.	1
blue	1
Danh	1
ProBook	1
đồng	1
phần	1
lượt	1
okthanks	1
quy	1
Bàn	1
mấy	1
nằm	1
hành	1
sẻ	1
tận	1
size	1
sinh	1
da	1
khoảng	1
chuột	1
hạn	1
Chia	1
khúc	1
trang.	1
phèn	1
phố	1
nhập	1
quă	1
thườngtin	1
...	1
gốc	1
SUK	1
vừa	1
phân	1
lời	1
Kim	1
hoặc	1
Báo	1
tạo	1
samsung	1
Tùy	1
chuông	1
đ	1
chút	1
Tuy	1
dạng	1
phun	1
ship	1
hổ	1
ra	1
Son	1
Thanh	1
nhu	1
tiếc	1
HCm	1
đẩy	1
chai	1
đăng.bạn	1
Nhấp	1
kgm	1
rút	1
kiến	1
cáo	1
cửa	1
phù	1
độ	1
hởi	1
k	1
phía	1
lớn	1
đại	1
cơ	1
Hiện	1
hàng.	1
Ảnh	1
bình	1
đo	1
Mã	1
lắm	1
Không	1
phát	1
không.Keyboard	1
Hoặc	1
nhấp	1
cập	1
galaxy	1
bạn.	1
nhìn	1
quá	1
Spectite	1
vệ	1
ty	1
TP.HCM	1
ThinkPad	1
bắt	1
đăngmình	1
dòng	1
thích	1
kết	1
thực	1
on	1
khuyến	1
trách	1
tốt	1
A	1
Bộ	1
đi	1
van	1
canon	1
dữ	1
phí.	1
tỉnh	1
chỗ	1
cũ	1
tí	1
Và	1
nha.	1
nhiệm	1
truy	1
đỡ	1
vị	1
lưu	1
Để	1
hơi	1
miễn	1
nhiệt	1
MUA	1
Intel	1
dienthoaidepvn	1
Deviser	1
áp	1
kỹ	1
lâu	1
giải	1
hài	1
lựa	1
Domino	1
nữ	1
lỗi	1
Vì	1
hẹn	1
nhoè	1
DF	1
điểm	1
vòng	1
Chọn	1
dễ	1
tích	1
đựoc	1
đợi	1
hợp	1
ok	1
xuống	1
Đặt	1
doanh	1
tất	1
NEMKIMCUONG	1
chí	1
dc	1
mục	1
oki	1
quận	1
đâu	1
email	1
card	1
nhựa	1
sẵn	1
sắp	1
Tùng	1
lớp	1
nhanh	1
từng	1
trí	1
j	1
v	1
câu	1
chờ	1
tri	1
đồ	1
thườngcó	1
